{
  "gallery_size": 600,
  "n_classes": 300,
  "results": {
    "zero_shot_global": {
      "1": 0.5683333333333334,
      "5": 0.7116666666666667
    },
    "zero_shot_meanmax": {
      "1": 0.6416666666666667,
      "5": 0.765
    },
    "trained_meanmax": {
      "1": 0.6883333333333334,
      "5": 0.815
    }
  }
}