{
  "CLIP (consecrated baseline)": {
    "pos_mean": 0.8192001764973005,
    "neg_mean": 0.5866141146421433,
    "gap": 0.23258606185515718,
    "entropy": 1.7684754127734412,
    "max_entropy": 2.3978952727983707
  },
  "zero-shot DINOv2 global": {
    "pos_mean": 0.6862864835808674,
    "neg_mean": 0.20571534790719548,
    "gap": 0.48057113567367193,
    "entropy": 2.23558927329243,
    "max_entropy": 2.3978952727983707
  },
  "zero-shot DINOv2 meanmax": {
    "pos_mean": 0.6298740471651156,
    "neg_mean": 0.26396289554735025,
    "gap": 0.3659111516177654,
    "entropy": 1.9906854178063065,
    "max_entropy": 2.3978952727983707
  },
  "trained meanmax": {
    "pos_mean": 0.678115812788407,
    "neg_mean": 0.3646689413363735,
    "gap": 0.31344687145203354,
    "entropy": 1.917154824249007,
    "max_entropy": 2.3978952727983707
  }
}