{
  "zero_shot_meanmax_test": 0.79,
  "training_seeds": [
    0,
    1,
    2,
    3,
    4
  ],
  "meanmax_results": [
    0.89,
    0.8866666666666667,
    0.9033333333333333,
    0.88,
    0.89
  ],
  "threshold_results": [
    0.89,
    0.88,
    0.89,
    0.8933333333333333,
    0.89
  ],
  "meanmax_mean": 0.89,
  "meanmax_std": 0.008498365855987964
}