{
  "cub": {
    "plain": [
      0.81,
      0.725,
      0.82,
      0.855,
      0.805
    ],
    "topk": [
      0.915,
      0.9,
      0.925,
      0.925,
      0.88
    ],
    "attn": [
      0.925,
      0.885,
      0.92,
      0.92,
      0.92
    ],
    "attn_topk": [
      0.805,
      0.78,
      0.86,
      0.785,
      0.81
    ]
  },
  "coco": {
    "plain": {
      "effect_size": [
        0.8033652736745255,
        0.6245471275531073,
        0.7644507239556627,
        0.8726321535245714,
        0.8247441527544739
      ],
      "pos_vs_conf": [
        1.0,
        1.0,
        1.0,
        1.0,
        1.0
      ]
    },
    "topk": {
      "effect_size": [
        0.28103947433222615,
        0.2537164678912241,
        0.34813318749760647,
        0.3621471891933385,
        0.3388639850148142
      ],
      "pos_vs_conf": [
        1.0,
        1.0,
        1.0,
        1.0,
        1.0
      ]
    },
    "attn": {
      "effect_size": [
        0.791425130945571,
        0.5753471849392008,
        0.6897411469951873,
        0.7914970032830282,
        0.7494310911856079
      ],
      "pos_vs_conf": [
        1.0,
        1.0,
        1.0,
        1.0,
        1.0
      ]
    },
    "attn_topk": {
      "effect_size": [
        0.38670226251002915,
        0.3185158678988388,
        0.3965666147181745,
        0.38826407819449954,
        0.4377153045967156
      ],
      "pos_vs_conf": [
        1.0,
        1.0,
        1.0,
        1.0,
        1.0
      ]
    }
  }
}