{
  "clip_global": {
    "confusable_mean": 0.5550412671132521,
    "random_mean": 0.5080938546946554,
    "elevation": 0.04694741241859668,
    "confusable_scores": [
      0.48217764496803284,
      0.6340193748474121,
      0.7006194591522217,
      0.5218721628189087,
      0.6986643075942993,
      0.46717026829719543,
      0.6027370691299438,
      0.5433828830718994,
      0.539523184299469,
      0.5675579905509949,
      0.44047415256500244,
      0.5982088446617126,
      0.4688207507133484,
      0.4265795350074768,
      0.4830361008644104,
      0.4809773862361908,
      0.6186816096305847,
      0.5322059392929077,
      0.5822502374649048,
      0.651496410369873,
      0.4711143672466278,
      0.4727136790752411,
      0.6335997581481934,
      0.5323965549468994,
      0.508709192276001,
      0.4592946171760559,
      0.5047056674957275,
      0.6366026997566223,
      0.5890562534332275,
      0.4690479040145874,
      0.8452959060668945,
      0.6130112409591675,
      0.5403586626052856
    ],
    "random_scores": [
      0.5244601964950562,
      0.6484177112579346,
      0.5031099915504456,
      0.5356412529945374,
      0.4952698349952698,
      0.4880078434944153,
      0.5130686163902283,
      0.5536727905273438,
      0.5310994982719421,
      0.5194755792617798,
      0.5633543133735657,
      0.6258465051651001,
      0.5337978601455688,
      0.38706082105636597,
      0.5365373492240906,
      0.41688084602355957,
      0.5009331703186035,
      0.3927496671676636,
      0.5966160297393799,
      0.43528953194618225,
      0.5592569708824158,
      0.5402618050575256,
      0.4604325592517853,
      0.4050765931606293,
      0.5890027284622192,
      0.4279528260231018,
      0.6063745617866516,
      0.4514606297016144,
      0.5457160472869873,
      0.47773197293281555,
      0.41793838143348694,
      0.4585393965244293,
      0.5260633230209351
    ]
  },
  "vision_maxsim": {
    "confusable_mean": 0.35128365953763324,
    "random_mean": 0.2744229194341284,
    "elevation": 0.07686074010350485,
    "confusable_scores": [
      0.268477201461792,
      0.3653935194015503,
      0.35606634616851807,
      0.3752676099538803,
      0.47822923958301544,
      0.39790892601013184,
      0.46139223873615265,
      0.2997070550918579,
      0.27994532883167267,
      0.25746095180511475,
      0.3371896743774414,
      0.35408511757850647,
      0.29348450899124146,
      0.332240030169487,
      0.4424266964197159,
      0.30445554852485657,
      0.20550291240215302,
      0.28429989516735077,
      0.4053715467453003,
      0.4446357786655426,
      0.3278576135635376,
      0.3161645829677582,
      0.31621071696281433,
      0.36352722346782684,
      0.27886274456977844,
      0.2912789285182953,
      0.3920685350894928,
      0.5033441185951233,
      0.45456762611866,
      0.31563711166381836,
      0.5176876783370972,
      0.28929688036441803,
      0.2823168784379959
    ],
    "random_scores": [
      0.29741114377975464,
      0.3703409433364868,
      0.19912172108888626,
      0.2235793173313141,
      0.24575180560350418,
      0.292676642537117,
      0.3558518588542938,
      0.29436194896698,
      0.20663107186555862,
      0.28336572647094727,
      0.3845011740922928,
      0.4637860804796219,
      0.2256607487797737,
      0.1702071577310562,
      0.3547060191631317,
      0.21320374310016632,
      0.2913610637187958,
      0.20776869356632233,
      0.33791743218898773,
      0.24193453788757324,
      0.27964913845062256,
      0.32982222735881805,
      0.1768474355340004,
      0.19804362207651138,
      0.22942209243774414,
      0.2500470280647278,
      0.42227311432361603,
      0.2645326107740402,
      0.26417213678359985,
      0.22752942144870758,
      0.2864901125431061,
      0.19492057710886002,
      0.27206799387931824
    ]
  },
  "caption_maxsim": {
    "confusable_mean": 0.3704206191680648,
    "random_mean": 0.2925102945530053,
    "elevation": 0.07791032461505948,
    "confusable_scores": [
      0.2646036446094513,
      0.4677288383245468,
      0.30029551684856415,
      0.3024449795484543,
      0.5442764163017273,
      0.3918159008026123,
      0.4793081283569336,
      0.3330566734075546,
      0.4033181667327881,
      0.1520659551024437,
      0.3942040801048279,
      0.3780355006456375,
      0.31792593002319336,
      0.21288834512233734,
      0.5330745875835419,
      0.23442979902029037,
      0.36513233184814453,
      0.36002498865127563,
      0.4352084547281265,
      0.5007699579000473,
      0.31712380051612854,
      0.4594331383705139,
      0.36843548715114594,
      0.43997135758399963,
      0.2493087574839592,
      0.26178401708602905,
      0.3241612911224365,
      0.32784342765808105,
      0.4855462610721588,
      0.29378119111061096,
      0.6420532763004303,
      0.3448447436094284,
      0.33898548781871796
    ],
    "random_scores": [
      0.3430574983358383,
      0.32108283042907715,
      0.2523626834154129,
      0.26938971877098083,
      0.2171359583735466,
      0.33056481927633286,
      0.45773036777973175,
      0.25185322761535645,
      0.3073735535144806,
      0.312520369887352,
      0.3018135502934456,
      0.3374352753162384,
      0.22197318077087402,
      0.14952293783426285,
      0.40503136813640594,
      0.31881214678287506,
      0.26615215837955475,
      0.3092857450246811,
      0.39410974085330963,
      0.3446764498949051,
      0.2616642862558365,
      0.4259023219347,
      0.19118383526802063,
      0.23603124171495438,
      0.240909181535244,
      0.3258972764015198,
      0.245578333735466,
      0.18931129574775696,
      0.22459933161735535,
      0.2931754142045975,
      0.2529223561286926,
      0.33310191333293915,
      0.32067935168743134
    ]
  },
  "hybrid_geometric": {
    "confusable_mean": 0.35856887380110375,
    "random_mean": 0.2811925429003291,
    "elevation": 0.07737633090077467,
    "confusable_scores": [
      0.26653338627897266,
      0.4134066839820141,
      0.3269940786238413,
      0.33689435230899706,
      0.510185159222555,
      0.39485066073397906,
      0.4702648725846327,
      0.3159421383191373,
      0.33601642342272164,
      0.1978662314237298,
      0.36458407179799524,
      0.3658643801943011,
      0.3054608575062289,
      0.2659511801180388,
      0.4856402256093382,
      0.2671581049702486,
      0.27392655513290987,
      0.319929783751348,
      0.4200251474016439,
      0.47186888026569257,
      0.32244604578350355,
      0.3811252898909778,
      0.3413257235348775,
      0.39992695086463204,
      0.26367200146632586,
      0.2761379510317871,
      0.3565016725670334,
      0.4062241513398248,
      0.4698016722685886,
      0.3045131304612487,
      0.5765267296289882,
      0.3158520358273399,
      0.30935630712297063
    ],
    "random_scores": [
      0.3194199789654413,
      0.34483346460321057,
      0.22416710699896797,
      0.2454179484448735,
      0.23100119876690337,
      0.31104437215080094,
      0.4035891502858781,
      0.27227928113332595,
      0.25201771133359413,
      0.2975862255718477,
      0.3406576939462737,
      0.39559800777364934,
      0.2238093701831617,
      0.15953016725487154,
      0.3790343839651773,
      0.2607142938925839,
      0.2784714993971923,
      0.25349535534692674,
      0.364933626334732,
      0.2887717742890623,
      0.2705072868052573,
      0.3747960144635948,
      0.18387596629985178,
      0.21620472250264594,
      0.23509548807937602,
      0.28546391263798854,
      0.3220265948596165,
      0.22378340267582536,
      0.24358342585965306,
      0.2582751098672833,
      0.2691834955415668,
      0.2548105515533491,
      0.2953753339263788
    ]
  },
  "hybrid_gated": {
    "confusable_mean": 0.19598532654191497,
    "random_mean": 0.11206412106718912,
    "elevation": 0.08392120547472585,