{
  "test_size": 5924,
  "global": {
    "recall": {
      "1": 0.78950035572052,
      "2": 0.8674882054328918,
      "4": 0.9127278923988342,
      "8": 0.942099928855896
    },
    "map_at_r": 0.40800920128822327
  },
  "patch": {
    "recall": {
      "1": 0.7672181129455566,
      "2": 0.8526333570480347,
      "4": 0.9036124348640442,
      "8": 0.9393990635871887
    },
    "map_at_r": 0.3962671160697937
  },
  "adaptive": {
    "recall": {
      "1": 0.7893315553665161,
      "2": 0.8673194050788879,
      "4": 0.9128966927528381,
      "8": 0.9409183263778687
    },
    "map_at_r": 0.40495729446411133
  }
}