{
  "test_size": 5924,
  "global": {
    "recall": {
      "1": 0.47873058915138245,
      "2": 0.606684684753418,
      "4": 0.7234976291656494,
      "8": 0.8149898648262024
    },
    "map_at_r": 0.15290674567222595
  },
  "patch": {
    "recall": {
      "1": 0.4696151316165924,
      "2": 0.5968940258026123,
      "4": 0.7189399003982544,
      "8": 0.8097569346427917
    },
    "map_at_r": 0.15007565915584564
  },
  "adaptive": {
    "recall": {
      "1": 0.4721471965312958,
      "2": 0.5958811640739441,
      "4": 0.7125253081321716,
      "8": 0.8043552041053772
    },
    "map_at_r": 0.14331498742103577
  }
}