{
  "accuracy": {
    "meanmax": 0.775,
    "threshold_t0.3": 0.525,
    "threshold_t0.35": 0.65,
    "threshold_t0.4": 0.7,
    "threshold_t0.45": 0.675,
    "threshold_t0.5": 0.7,
    "threshold_t0.55": 0.675,
    "threshold_t0.6": 0.725,
    "threshold_t0.65": 0.775,
    "threshold_t0.7": 0.8
  },
  "pos_neg_scores": {
    "meanmax": {
      "pos": [
        0.8537084758281708,
        0.7216548025608063,
        0.8010287880897522,
        0.8223798871040344,
        0.355354979634285,
        0.7190248370170593,
        0.8216595947742462,
        0.7451238036155701,
        0.7181444466114044,
        0.34168127179145813,
        0.6675286889076233,
        0.8249416351318359,
        0.5701099038124084,
        0.6175503134727478,
        0.8445078432559967,
        0.6030559837818146,
        0.4422111064195633,
        0.7865727245807648,
        0.6098461747169495,
        0.6441918015480042,
        0.6437844336032867,
        0.5433696210384369,
        0.5949988961219788,
        0.734373152256012,
        0.4710571765899658,
        0.8672659993171692,
        0.48546792566776276,
        0.9059984683990479,
        0.7944404482841492,
        0.5102215707302094,
        0.7505735158920288,
        0.8255016803741455,
        0.5244481563568115,
        0.7899378836154938,
        0.3206753432750702,
        0.5646063983440399,
        0.5354841947555542,
        0.5386776030063629,
        0.45079997181892395,
        0.6607447862625122
      ],
      "neg": [
        0.5600515007972717,
        0.4556572735309601,
        0.7319912910461426,
        0.45390090346336365,
        0.44336366653442383,
        0.49376896023750305,
        0.5850990116596222,
        0.5260932296514511,
        0.5169693976640701,
        0.3486785739660263,
        0.5362560153007507,
        0.6711701154708862,
        0.5485630035400391,
        0.4167565107345581,
        0.6064301431179047,
        0.6703302562236786,
        0.6464267075061798,
        0.7653069794178009,
        0.42033377289772034,
        0.6851128041744232,
        0.5115317106246948,
        0.5366923213005066,
        0.6542836725711823,
        0.7120186686515808,
        0.8674280047416687,
        0.8150842189788818,
        0.41832558810710907,
        0.6878592371940613,
        0.5606397986412048,
        0.38884401321411133,
        0.4321441352367401,
        0.7517250776290894,
        0.5479754507541656,
        0.48358482122421265,
        0.8227972984313965,
        0.376887783408165,
        0.4995349496603012,
        0.5101608633995056,
        0.4255386143922806,
        0.5307821035385132
      ]
    },
    "threshold_t0.3": {
      "pos": [
        1.0,
        0.994140625,
        1.0,
        1.0,
        0.4921875,
        1.0,
        1.0,
        0.990234375,
        0.986328125,
        0.681640625,
        0.986328125,
        1.0,
        0.826171875,
        0.953125,
        0.92578125,
        0.96484375,
        0.654296875,
        1.0,
        0.931640625,
        0.990234375,
        0.9140625,
        0.841796875,
        0.982421875,
        0.99609375,
        0.61328125,
        0.978515625,
        0.84765625,
        0.98828125,
        1.0,
        0.904296875,
        0.998046875,
        1.0,
        0.953125,
        1.0,
        0.41796875,
        0.91015625,
        0.939453125,
        0.9296875,
        0.78125,
        0.953125
      ],
      "neg": [
        0.935546875,
        0.7734375,
        1.0,
        0.78515625,
        0.861328125,
        0.94140625,
        0.95703125,
        0.830078125,
        0.826171875,
        0.58203125,
        0.896484375,
        1.0,
        0.84375,
        0.701171875,
        0.93359375,
        0.962890625,
        0.982421875,
        1.0,
        0.716796875,
        0.970703125,
        0.92578125,
        0.97265625,
        0.998046875,
        1.0,
        0.99609375,
        1.0,
        0.83984375,
        0.99609375,
        0.96484375,
        0.771484375,
        0.845703125,
        1.0,
        0.978515625,
        0.896484375,
        1.0,
        0.828125,
        0.94921875,
        0.853515625,
        0.794921875,
        0.9296875
      ]
    },
    "threshold_t0.35": {
      "pos": [
        1.0,
        0.986328125,
        1.0,
        1.0,
        0.40625,
        1.0,
        1.0,
        0.9765625,
        0.970703125,
        0.490234375,
        0.935546875,
        0.998046875,
        0.73828125,
        0.921875,
        0.9140625,
        0.939453125,
        0.49609375,
        1.0,
        0.88671875,
        0.98828125,
        0.861328125,
        0.791015625,
        0.96484375,
        0.978515625,
        0.498046875,
        0.974609375,
        0.775390625,
        0.98828125,
        1.0,
        0.84375,
        0.984375,
        1.0,
        0.90234375,
        1.0,
        0.369140625,
        0.876953125,
        0.865234375,
        0.859375,
        0.767578125,
        0.9453125
      ],
      "neg": [
        0.91015625,
        0.67578125,
        0.9921875,
        0.6796875,
        0.6640625,
        0.8828125,
        0.896484375,
        0.78515625,
        0.78125,
        0.470703125,
        0.828125,
        0.986328125,
        0.7421875,
        0.5234375,
        0.923828125,
        0.916015625,
        0.9765625,
        1.0,
        0.607421875,
        0.958984375,
        0.8359375,
        0.9453125,
        0.98828125,
        0.9921875,
        0.9921875,
        1.0,
        0.759765625,
        0.9453125,
        0.896484375,
        0.64453125,
        0.740234375,
        1.0,
        0.927734375,
        0.79296875,
        1.0,
        0.662109375,
        0.89453125,
        0.8125,
        0.7265625,
        0.84765625
      ]
    },
    "threshold_t0.4": {
      "pos": [
        1.0,
        0.978515625,
        1.0,
        1.0,
        0.345703125,
        0.994140625,
        1.0,
        0.9296875,
        0.955078125,
        0.2890625,
        0.896484375,
        0.994140625,
        0.669921875,
        0.892578125,
        0.908203125,
        0.904296875,
        0.443359375,
        1.0,
        0.8515625,
        0.98046875,
        0.80078125,
        0.744140625,
        0.9375,
        0.966796875,
        0.458984375,
        0.974609375,
        0.650390625,
        0.984375,
        0.998046875,
        0.75390625,
        0.9375,
        1.0,
        0.84375,
        0.99609375,
        0.275390625,
        0.857421875,
        0.779296875,
        0.775390625,
        0.73828125,
        0.923828125
      ],
      "neg": [
        0.826171875,
        0.57421875,
        0.96875,
        0.5703125,
        0.5703125,
        0.81640625,
        0.837890625,
        0.724609375,
        0.708984375,
        0.345703125,
        0.755859375,
        0.984375,
        0.625,
        0.431640625,
        0.890625,
        0.8671875,
        0.94921875,
        1.0,
        0.533203125,
        0.935546875,
        0.755859375,
        0.88671875,
        0.966796875,
        0.98046875,
        0.9921875,
        0.998046875,
        0.603515625,
        0.9140625,
        0.837890625,
        0.48046875,
        0.61328125,
        1.0,
        0.875,
        0.66015625,
        1.0,
        0.47265625,
        0.72265625,
        0.74609375,
        0.6015625,
        0.751953125
      ]
    },